Start,Stop,Strand,Sequence,Change_log,Change_trans,Change_stat
84171,84184,+,GATTATTATGCTG,Present,Absent,Present
85373,85386,+,GAATTTTATTCTG,Absent,Absent,Absent
193488,193501,+,GCTTTTTATTCTG,Absent,Present,Present
344943,344956,+,AGATATTATCCTG,Absent,Absent,Present
419323,419336,+,GTGTTTTATACTG,Absent,Absent,Absent
590710,590723,+,GAATATTATCCGG,Absent,Present,Present
605760,605773,-,GATTTTTATGCTG,Absent,Present,Present
662259,662272,+,GAATTTTATCCTG,Absent,Present,Absent
754885,754898,-,GGGTTTTATCCTG,Absent,Absent,Present
846510,846523,-,GATTATTACCCTG,Absent,Present,Present
1237383,1237396,+,GAATTTTATGCTG,Absent,Absent,Absent
1237528,1237541,+,GATTATTATTCTT,Absent,Absent,Absent
1297260,1297273,-,GGATGTTATCCTG,Absent,Present,Present
1772701,1772714,+,GTATTTTATTCTT,Absent,Absent,Present
1958418,1958431,+,GTTTTTTATACTG,Absent,Present,Absent
1990138,1990151,+,GATTATTTTTCTG,Absent,Absent,Present
2037674,2037687,+,TAATTTTATACTG,Present,Absent,Present
2241043,2241056,+,GAATAATATCCTG,Absent,Present,Present
2629602,2629615,+,GATGTTTATCCTG,Absent,Absent,Present
2922241,2922254,-,GCTTTTTATACTG,Absent,Absent,Present
2939499,2939512,-,GAATTTTACCCTG,Present,Present,Present
2949193,2949206,-,TATTTTTATTCTG,Present,Absent,Absent
3050864,3050877,-,GTTTTTTATTCTG,Absent,Absent,Absent
3258198,3258211,-,GAATATTCTCCTG,Absent,Present,Present
3343096,3343109,-,GGATTTTATCCTT,Present,Present,Present
3354285,3354298,-,GCATTTTATACTG,Absent,Absent,Absent
3375206,3375219,+,GTATATTATTCTG,Absent,Present,Present
3485372,3485385,-,GTATTTTATCCGG,Present,Absent,Absent
3595243,3595256,-,GAAGTTTATTCTG,Absent,Present,Absent
3653695,3653708,-,GTATTATATTCTG,Present,Absent,Present
3709631,3709644,+,GATTTTTCTCCTG,Absent,Present,Present
4081494,4081507,-,GATTATTTTCCTG,Absent,Absent,Present
4269956,4269969,-,TATTTTTATCCTG,Absent,Present,Present
4634587,4634600,-,GGAGTTTATCCTG,Absent,Present,Present
